Area,Team Member,Metric,Purpose,Source,Threshold,Goal,Week,Start Date,End Date,Value
Ops,Sherri,Overdue A/R (30 Days),We're managing our cashflow and receivables.,Quickbooks,"$ 3,000.00",$            -,Week 1,5/10,5/16,"$     2,000.00"
Ops,Sherri,Overdue A/R (30 Days),We're managing our cashflow and receivables.,Quickbooks,"$ 3,000.00",$            -,Week 2,5/17,5/23,"$     2,000.00"
Ops,Sherri,Overdue A/R (30 Days),We're managing our cashflow and receivables.,Quickbooks,"$ 3,000.00",$            -,Week 3,5/24,5/30,"$     6,080.00"
Ops,Sherri,Overdue A/R (30 Days),We're managing our cashflow and receivables.,Quickbooks,"$ 3,000.00",$            -,Week 4,5/31,6/6,"$     7,028.64"
Ops,Sherri,Overdue A/R (30 Days),We're managing our cashflow and receivables.,Quickbooks,"$ 3,000.00",$            -,Week 5,6/7,6/13,"$     2,948.64"
Ops,Sherri,Overdue A/R (30 Days),We're managing our cashflow and receivables.,Quickbooks,"$ 3,000.00",$            -,Week 6,6/14,6/20,"$     2,948.64"
Ops,Sherri,Overdue A/R (30 Days),We're managing our cashflow and receivables.,Quickbooks,"$ 3,000.00",$            -,Week 7,6/21,6/27,"$     7,094.00"
Ops,Sherri,Overdue A/R (30 Days),We're managing our cashflow and receivables.,Quickbooks,"$ 3,000.00",$            -,Week 8,6/28,7/4,"$     2,948.64"
Ops,Sherri,Overdue A/R (30 Days),We're managing our cashflow and receivables.,Quickbooks,"$ 3,000.00",$            -,Week 9,7/5,7/11,"$     2,948.64"
Ops,Sherri,Overdue A/R (30 Days),We're managing our cashflow and receivables.,Quickbooks,"$ 3,000.00",$            -,Week 10,7/12,7/18,"$     2,948.64"
Ops,Sherri,Overdue A/R (30 Days),We're managing our cashflow and receivables.,Quickbooks,"$ 3,000.00",$            -,Week 11,7/19,7/25,"$     2,948.64"
Ops,Sherri,Overdue A/R (30 Days),We're managing our cashflow and receivables.,Quickbooks,"$ 3,000.00",$            -,Week 12,7/26,8/1,"$     2,948.64"
Ops,Sherri,Overdue A/R (30 Days),We're managing our cashflow and receivables.,Quickbooks,"$ 3,000.00",$            -,Week 13,8/2,8/8,"$     2,000.00"
Ops,Sherri,Overdue A/R (30 Days),We're managing our cashflow and receivables.,Quickbooks,"$ 3,000.00",$            -,Week 14,8/9,8/15,"$    2,000.00"
Ops,Sherri,Overdue A/R (30 Days),We're managing our cashflow and receivables.,Quickbooks,"$ 3,000.00",$            -,Week 15,8/16,8/22,"$    2,000.00"
Ops,Sherri,Overdue A/R (30 Days),We're managing our cashflow and receivables.,Quickbooks,"$ 3,000.00",$            -,Week 16,8/23,8/29,"$    2,000.00"
Ops,Kristie,Facility Events,Our facility events are supporting our mission. (1mo),Outlook calendar,10,20,Week 1,5/10,5/16,12
Ops,Kristie,Facility Events,Our facility events are supporting our mission. (1mo),Outlook calendar,10,20,Week 2,5/17,5/23,9
Ops,Kristie,Facility Events,Our facility events are supporting our mission. (1mo),Outlook calendar,10,20,Week 3,5/24,5/30,10
Ops,Kristie,Facility Events,Our facility events are supporting our mission. (1mo),Outlook calendar,10,20,Week 4,5/31,6/6,13
Ops,Kristie,Facility Events,Our facility events are supporting our mission. (1mo),Outlook calendar,10,20,Week 5,6/7,6/13,16
Ops,Kristie,Facility Events,Our facility events are supporting our mission. (1mo),Outlook calendar,10,20,Week 6,6/14,6/20,12
Ops,Kristie,Facility Events,Our facility events are supporting our mission. (1mo),Outlook calendar,10,20,Week 7,6/21,6/27,11
Ops,Kristie,Facility Events,Our facility events are supporting our mission. (1mo),Outlook calendar,10,20,Week 8,6/28,7/4,6
Ops,Kristie,Facility Events,Our facility events are supporting our mission. (1mo),Outlook calendar,10,20,Week 9,7/5,7/11,5
Ops,Kristie,Facility Events,Our facility events are supporting our mission. (1mo),Outlook calendar,10,20,Week 10,7/12,7/18,7
Ops,Kristie,Facility Events,Our facility events are supporting our mission. (1mo),Outlook calendar,10,20,Week 11,7/19,7/25,9
Ops,Kristie,Facility Events,Our facility events are supporting our mission. (1mo),Outlook calendar,10,20,Week 12,7/26,8/1,8
Ops,Kristie,Facility Events,Our facility events are supporting our mission. (1mo),Outlook calendar,10,20,Week 13,8/2,8/8,8
Ops,Kristie,Facility Events,Our facility events are supporting our mission. (1mo),Outlook calendar,10,20,Week 14,8/9,8/15,9
Ops,Kristie,Facility Events,Our facility events are supporting our mission. (1mo),Outlook calendar,10,20,Week 15,8/16,8/22,14
Ops,Kristie,Facility Events,Our facility events are supporting our mission. (1mo),Outlook calendar,10,20,Week 16,8/23,8/29,10
Ops,Kristie,Event Participation,Our facility is welcoming community members beyond the gallery.,SalesForce,750,2000,Week 1,5/10,5/16,"1,060.00"
Ops,Kristie,Event Participation,Our facility is welcoming community members beyond the gallery.,SalesForce,750,2000,Week 2,5/17,5/23,990
Ops,Kristie,Event Participation,Our facility is welcoming community members beyond the gallery.,SalesForce,750,2000,Week 3,5/24,5/30,"1,040"
Ops,Kristie,Event Participation,Our facility is welcoming community members beyond the gallery.,SalesForce,750,2000,Week 4,5/31,6/6,"1,925"
Ops,Kristie,Event Participation,Our facility is welcoming community members beyond the gallery.,SalesForce,750,2000,Week 5,6/7,6/13,"3,586"
Ops,Kristie,Event Participation,Our facility is welcoming community members beyond the gallery.,SalesForce,750,2000,Week 6,6/14,6/20,"3,063"
Ops,Kristie,Event Participation,Our facility is welcoming community members beyond the gallery.,SalesForce,750,2000,Week 7,6/21,6/27,"2,235"
Ops,Kristie,Event Participation,Our facility is welcoming community members beyond the gallery.,SalesForce,750,2000,Week 8,6/28,7/4,950
Ops,Kristie,Event Participation,Our facility is welcoming community members beyond the gallery.,SalesForce,750,2000,Week 9,7/5,7/11,900
Ops,Kristie,Event Participation,Our facility is welcoming community members beyond the gallery.,SalesForce,750,2000,Week 10,7/12,7/18,"1,160"
Ops,Kristie,Event Participation,Our facility is welcoming community members beyond the gallery.,SalesForce,750,2000,Week 11,7/19,7/25,"1,078"
Ops,Kristie,Event Participation,Our facility is welcoming community members beyond the gallery.,SalesForce,750,2000,Week 12,7/26,8/1,"1,344"
Ops,Kristie,Event Participation,Our facility is welcoming community members beyond the gallery.,SalesForce,750,2000,Week 13,8/2,8/8,758
Ops,Kristie,Event Participation,Our facility is welcoming community members beyond the gallery.,SalesForce,750,2000,Week 14,8/9,8/15,900
Ops,Kristie,Event Participation,Our facility is welcoming community members beyond the gallery.,SalesForce,750,2000,Week 15,8/16,8/22,970
Ops,Kristie,Event Participation,Our facility is welcoming community members beyond the gallery.,SalesForce,750,2000,Week 16,8/23,8/29,862
Ops,Kristie,Birthday Parties,Our facility is welcoming community members to event spaces.,Master calendar,3,6,Week 1,5/10,5/16,1
Ops,Kristie,Birthday Parties,Our facility is welcoming community members to event spaces.,Master calendar,3,6,Week 2,5/17,5/23,3
Ops,Kristie,Birthday Parties,Our facility is welcoming community members to event spaces.,Master calendar,3,6,Week 3,5/24,5/30,2
Ops,Kristie,Birthday Parties,Our facility is welcoming community members to event spaces.,Master calendar,3,6,Week 4,5/31,6/6,4
Ops,Kristie,Birthday Parties,Our facility is welcoming community members to event spaces.,Master calendar,3,6,Week 5,6/7,6/13,3
Ops,Kristie,Birthday Parties,Our facility is welcoming community members to event spaces.,Master calendar,3,6,Week 6,6/14,6/20,2
Ops,Kristie,Birthday Parties,Our facility is welcoming community members to event spaces.,Master calendar,3,6,Week 7,6/21,6/27,2
Ops,Kristie,Birthday Parties,Our facility is welcoming community members to event spaces.,Master calendar,3,6,Week 8,6/28,7/4,4
Ops,Kristie,Birthday Parties,Our facility is welcoming community members to event spaces.,Master calendar,3,6,Week 9,7/5,7/11,3
Ops,Kristie,Birthday Parties,Our facility is welcoming community members to event spaces.,Master calendar,3,6,Week 10,7/12,7/18,3
Ops,Kristie,Birthday Parties,Our facility is welcoming community members to event spaces.,Master calendar,3,6,Week 11,7/19,7/25,2
Ops,Kristie,Birthday Parties,Our facility is welcoming community members to event spaces.,Master calendar,3,6,Week 12,7/26,8/1,0
Ops,Kristie,Birthday Parties,Our facility is welcoming community members to event spaces.,Master calendar,3,6,Week 13,8/2,8/8,0
Ops,Kristie,Birthday Parties,Our facility is welcoming community members to event spaces.,Master calendar,3,6,Week 14,8/9,8/15,0
Ops,Kristie,Birthday Parties,Our facility is welcoming community members to event spaces.,Master calendar,3,6,Week 15,8/16,8/22,0
Ops,Kristie,Birthday Parties,Our facility is welcoming community members to event spaces.,Master calendar,3,6,Week 16,8/23,8/29,1
Ops,Beth,Teamwork Overdue - Fac/Eve/Ops,We're completing projects and tasks as scoped and on time.,Teamwork,6,3,Week 1,5/10,5/16,5
Ops,Beth,Teamwork Overdue - Fac/Eve/Ops,We're completing projects and tasks as scoped and on time.,Teamwork,6,3,Week 2,5/17,5/23,5
Ops,Beth,Teamwork Overdue - Fac/Eve/Ops,We're completing projects and tasks as scoped and on time.,Teamwork,6,3,Week 3,5/24,5/30,5
Ops,Beth,Teamwork Overdue - Fac/Eve/Ops,We're completing projects and tasks as scoped and on time.,Teamwork,6,3,Week 4,5/31,6/6,13
Ops,Beth,Teamwork Overdue - Fac/Eve/Ops,We're completing projects and tasks as scoped and on time.,Teamwork,6,3,Week 5,6/7,6/13,12
Ops,Beth,Teamwork Overdue - Fac/Eve/Ops,We're completing projects and tasks as scoped and on time.,Teamwork,6,3,Week 6,6/14,6/20,6
Ops,Beth,Teamwork Overdue - Fac/Eve/Ops,We're completing projects and tasks as scoped and on time.,Teamwork,6,3,Week 7,6/21,6/27,1
Ops,Beth,Teamwork Overdue - Fac/Eve/Ops,We're completing projects and tasks as scoped and on time.,Teamwork,6,3,Week 8,6/28,7/4,12
Ops,Beth,Teamwork Overdue - Fac/Eve/Ops,We're completing projects and tasks as scoped and on time.,Teamwork,6,3,Week 9,7/5,7/11,3
Ops,Beth,Teamwork Overdue - Fac/Eve/Ops,We're completing projects and tasks as scoped and on time.,Teamwork,6,3,Week 10,7/12,7/18,4
Ops,Beth,Teamwork Overdue - Fac/Eve/Ops,We're completing projects and tasks as scoped and on time.,Teamwork,6,3,Week 11,7/19,7/25,4
Ops,Beth,Teamwork Overdue - Fac/Eve/Ops,We're completing projects and tasks as scoped and on time.,Teamwork,6,3,Week 12,7/26,8/1,5
Ops,Beth,Teamwork Overdue - Fac/Eve/Ops,We're completing projects and tasks as scoped and on time.,Teamwork,6,3,Week 13,8/2,8/8,2
Ops,Beth,Teamwork Overdue - Fac/Eve/Ops,We're completing projects and tasks as scoped and on time.,Teamwork,6,3,Week 14,8/9,8/15,6
Ops,Beth,Teamwork Overdue - Fac/Eve/Ops,We're completing projects and tasks as scoped and on time.,Teamwork,6,3,Week 15,8/16,8/22,8
Ops,Beth,Teamwork Overdue - Fac/Eve/Ops,We're completing projects and tasks as scoped and on time.,Teamwork,6,3,Week 16,8/23,8/29,3
Education,Alisha,Onsite Programming,"We're growing onsite programming (Last 30 days, compared to last year.)",Programs Sheet,0%,8%,Week 1,5/10,5/16,
Education,Alisha,Onsite Programming,"We're growing onsite programming (Last 30 days, compared to last year.)",Programs Sheet,0%,8%,Week 2,5/17,5/23,
Education,Alisha,Onsite Programming,"We're growing onsite programming (Last 30 days, compared to last year.)",Programs Sheet,0%,8%,Week 3,5/24,5/30,
Education,Alisha,Onsite Programming,"We're growing onsite programming (Last 30 days, compared to last year.)",Programs Sheet,0%,8%,Week 4,5/31,6/6,
Education,Alisha,Onsite Programming,"We're growing onsite programming (Last 30 days, compared to last year.)",Programs Sheet,0%,8%,Week 5,6/7,6/13,
Education,Alisha,Onsite Programming,"We're growing onsite programming (Last 30 days, compared to last year.)",Programs Sheet,0%,8%,Week 6,6/14,6/20,
Education,Alisha,Onsite Programming,"We're growing onsite programming (Last 30 days, compared to last year.)",Programs Sheet,0%,8%,Week 7,6/21,6/27,
Education,Alisha,Onsite Programming,"We're growing onsite programming (Last 30 days, compared to last year.)",Programs Sheet,0%,8%,Week 8,6/28,7/4,
Education,Alisha,Onsite Programming,"We're growing onsite programming (Last 30 days, compared to last year.)",Programs Sheet,0%,8%,Week 9,7/5,7/11,
Education,Alisha,Onsite Programming,"We're growing onsite programming (Last 30 days, compared to last year.)",Programs Sheet,0%,8%,Week 10,7/12,7/18,
Education,Alisha,Onsite Programming,"We're growing onsite programming (Last 30 days, compared to last year.)",Programs Sheet,0%,8%,Week 11,7/19,7/25,
Education,Alisha,Onsite Programming,"We're growing onsite programming (Last 30 days, compared to last year.)",Programs Sheet,0%,8%,Week 12,7/26,8/1,
Education,Alisha,Onsite Programming,"We're growing onsite programming (Last 30 days, compared to last year.)",Programs Sheet,0%,8%,Week 13,8/2,8/8,
Education,Alisha,Onsite Programming,"We're growing onsite programming (Last 30 days, compared to last year.)",Programs Sheet,0%,8%,Week 14,8/9,8/15,
Education,Alisha,Onsite Programming,"We're growing onsite programming (Last 30 days, compared to last year.)",Programs Sheet,0%,8%,Week 15,8/16,8/22,
Education,Alisha,Onsite Programming,"We're growing onsite programming (Last 30 days, compared to last year.)",Programs Sheet,0%,8%,Week 16,8/23,8/29,
Education,Alisha,Onsite Participants,We're continually providing events (Last 30 days),SalesForce,125,300,Week 1,5/10,5/16,306
Education,Alisha,Onsite Participants,We're continually providing events (Last 30 days),SalesForce,125,300,Week 2,5/17,5/23,386
Education,Alisha,Onsite Participants,We're continually providing events (Last 30 days),SalesForce,125,300,Week 3,5/24,5/30,306
Education,Alisha,Onsite Participants,We're continually providing events (Last 30 days),SalesForce,125,300,Week 4,5/31,6/6,331
Education,Alisha,Onsite Participants,We're continually providing events (Last 30 days),SalesForce,125,300,Week 5,6/7,6/13,364
Education,Alisha,Onsite Participants,We're continually providing events (Last 30 days),SalesForce,125,300,Week 6,6/14,6/20,336
Education,Alisha,Onsite Participants,We're continually providing events (Last 30 days),SalesForce,125,300,Week 7,6/21,6/27,167
Education,Alisha,Onsite Participants,We're continually providing events (Last 30 days),SalesForce,125,300,Week 8,6/28,7/4,107
Education,Alisha,Onsite Participants,We're continually providing events (Last 30 days),SalesForce,125,300,Week 9,7/5,7/11,125
Education,Alisha,Onsite Participants,We're continually providing events (Last 30 days),SalesForce,125,300,Week 10,7/12,7/18,96
Education,Alisha,Onsite Participants,We're continually providing events (Last 30 days),SalesForce,125,300,Week 11,7/19,7/25,99
Education,Alisha,Onsite Participants,We're continually providing events (Last 30 days),SalesForce,125,300,Week 12,7/26,8/1,73
Education,Alisha,Onsite Participants,We're continually providing events (Last 30 days),SalesForce,125,300,Week 13,8/2,8/8,34
Education,Alisha,Onsite Participants,We're continually providing events (Last 30 days),SalesForce,125,300,Week 14,8/9,8/15,132
Education,Alisha,Onsite Participants,We're continually providing events (Last 30 days),SalesForce,125,300,Week 15,8/16,8/22,98
Education,Alisha,Onsite Participants,We're continually providing events (Last 30 days),SalesForce,125,300,Week 16,8/23,8/29,108
Education,Alisha,Onsite Programming,We're inviting the public outside of gallery visits and rental events (1 month rolling),Master Calendar,4,8,Week 1,5/10,5/16,4
Education,Alisha,Onsite Programming,We're inviting the public outside of gallery visits and rental events (1 month rolling),Master Calendar,4,8,Week 2,5/17,5/23,3
Education,Alisha,Onsite Programming,We're inviting the public outside of gallery visits and rental events (1 month rolling),Master Calendar,4,8,Week 3,5/24,5/30,3
Education,Alisha,Onsite Programming,We're inviting the public outside of gallery visits and rental events (1 month rolling),Master Calendar,4,8,Week 4,5/31,6/6,3
Education,Alisha,Onsite Programming,We're inviting the public outside of gallery visits and rental events (1 month rolling),Master Calendar,4,8,Week 5,6/7,6/13,4
Education,Alisha,Onsite Programming,We're inviting the public outside of gallery visits and rental events (1 month rolling),Master Calendar,4,8,Week 6,6/14,6/20,3
Education,Alisha,Onsite Programming,We're inviting the public outside of gallery visits and rental events (1 month rolling),Master Calendar,4,8,Week 7,6/21,6/27,4
Education,Alisha,Onsite Programming,We're inviting the public outside of gallery visits and rental events (1 month rolling),Master Calendar,4,8,Week 8,6/28,7/4,4
Education,Alisha,Onsite Programming,We're inviting the public outside of gallery visits and rental events (1 month rolling),Master Calendar,4,8,Week 9,7/5,7/11,5
Education,Alisha,Onsite Programming,We're inviting the public outside of gallery visits and rental events (1 month rolling),Master Calendar,4,8,Week 10,7/12,7/18,4
Education,Alisha,Onsite Programming,We're inviting the public outside of gallery visits and rental events (1 month rolling),Master Calendar,4,8,Week 11,7/19,7/25,4
Education,Alisha,Onsite Programming,We're inviting the public outside of gallery visits and rental events (1 month rolling),Master Calendar,4,8,Week 12,7/26,8/1,4
Education,Alisha,Onsite Programming,We're inviting the public outside of gallery visits and rental events (1 month rolling),Master Calendar,4,8,Week 13,8/2,8/8,5
Education,Alisha,Onsite Programming,We're inviting the public outside of gallery visits and rental events (1 month rolling),Master Calendar,4,8,Week 14,8/9,8/15,3
Education,Alisha,Onsite Programming,We're inviting the public outside of gallery visits and rental events (1 month rolling),Master Calendar,4,8,Week 15,8/16,8/22,4
Education,Alisha,Onsite Programming,We're inviting the public outside of gallery visits and rental events (1 month rolling),Master Calendar,4,8,Week 16,8/23,8/29,5
Education,Alisha,Teamwork - Gallery,We're staying on top of tasks (Gallery),Teamwork,10,6,Week 1,5/10,5/16,3
Education,Alisha,Teamwork - Gallery,We're staying on top of tasks (Gallery),Teamwork,10,6,Week 2,5/17,5/23,0
Education,Alisha,Teamwork - Gallery,We're staying on top of tasks (Gallery),Teamwork,10,6,Week 3,5/24,5/30,27
Education,Alisha,Teamwork - Gallery,We're staying on top of tasks (Gallery),Teamwork,10,6,Week 4,5/31,6/6,16
Education,Alisha,Teamwork - Gallery,We're staying on top of tasks (Gallery),Teamwork,10,6,Week 5,6/7,6/13,0
Education,Alisha,Teamwork - Gallery,We're staying on top of tasks (Gallery),Teamwork,10,6,Week 6,6/14,6/20,5
Education,Alisha,Teamwork - Gallery,We're staying on top of tasks (Gallery),Teamwork,10,6,Week 7,6/21,6/27,0
Education,Alisha,Teamwork - Gallery,We're staying on top of tasks (Gallery),Teamwork,10,6,Week 8,6/28,7/4,
Education,Alisha,Teamwork - Gallery,We're staying on top of tasks (Gallery),Teamwork,10,6,Week 9,7/5,7/11,3
Education,Alisha,Teamwork - Gallery,We're staying on top of tasks (Gallery),Teamwork,10,6,Week 10,7/12,7/18,1
Education,Alisha,Teamwork - Gallery,We're staying on top of tasks (Gallery),Teamwork,10,6,Week 11,7/19,7/25,1
Education,Alisha,Teamwork - Gallery,We're staying on top of tasks (Gallery),Teamwork,10,6,Week 12,7/26,8/1,0
Education,Alisha,Teamwork - Gallery,We're staying on top of tasks (Gallery),Teamwork,10,6,Week 13,8/2,8/8,1
Education,Alisha,Teamwork - Gallery,We're staying on top of tasks (Gallery),Teamwork,10,6,Week 14,8/9,8/15,2
Education,Alisha,Teamwork - Gallery,We're staying on top of tasks (Gallery),Teamwork,10,6,Week 15,8/16,8/22,1
Education,Alisha,Teamwork - Gallery,We're staying on top of tasks (Gallery),Teamwork,10,6,Week 16,8/23,8/29,
Education,Alisha,Teamwork - Education,We're staying on top of tasks (Education),Teamwork,8,4,Week 1,5/10,5/16,0
Education,Alisha,Teamwork - Education,We're staying on top of tasks (Education),Teamwork,8,4,Week 2,5/17,5/23,8
Education,Alisha,Teamwork - Education,We're staying on top of tasks (Education),Teamwork,8,4,Week 3,5/24,5/30,19
Education,Alisha,Teamwork - Education,We're staying on top of tasks (Education),Teamwork,8,4,Week 4,5/31,6/6,7
Education,Alisha,Teamwork - Education,We're staying on top of tasks (Education),Teamwork,8,4,Week 5,6/7,6/13,7
Education,Alisha,Teamwork - Education,We're staying on top of tasks (Education),Teamwork,8,4,Week 6,6/14,6/20,1
Education,Alisha,Teamwork - Education,We're staying on top of tasks (Education),Teamwork,8,4,Week 7,6/21,6/27,1
Education,Alisha,Teamwork - Education,We're staying on top of tasks (Education),Teamwork,8,4,Week 8,6/28,7/4,
Education,Alisha,Teamwork - Education,We're staying on top of tasks (Education),Teamwork,8,4,Week 9,7/5,7/11,3
Education,Alisha,Teamwork - Education,We're staying on top of tasks (Education),Teamwork,8,4,Week 10,7/12,7/18,4
Education,Alisha,Teamwork - Education,We're staying on top of tasks (Education),Teamwork,8,4,Week 11,7/19,7/25,2
Education,Alisha,Teamwork - Education,We're staying on top of tasks (Education),Teamwork,8,4,Week 12,7/26,8/1,2
Education,Alisha,Teamwork - Education,We're staying on top of tasks (Education),Teamwork,8,4,Week 13,8/2,8/8,3
Education,Alisha,Teamwork - Education,We're staying on top of tasks (Education),Teamwork,8,4,Week 14,8/9,8/15,3
Education,Alisha,Teamwork - Education,We're staying on top of tasks (Education),Teamwork,8,4,Week 15,8/16,8/22,4
Education,Alisha,Teamwork - Education,We're staying on top of tasks (Education),Teamwork,8,4,Week 16,8/23,8/29,
Education,Alisha,Onsite Camps/Clubs,We are filling onsite camps and clubs to capacity,Attendance/Programs Sheet,75%,100%,Week 1,5/10,5/16,
Education,Alisha,Onsite Camps/Clubs,We are filling onsite camps and clubs to capacity,Attendance/Programs Sheet,75%,100%,Week 2,5/17,5/23,100%
Education,Alisha,Onsite Camps/Clubs,We are filling onsite camps and clubs to capacity,Attendance/Programs Sheet,75%,100%,Week 3,5/24,5/30,100%
Education,Alisha,Onsite Camps/Clubs,We are filling onsite camps and clubs to capacity,Attendance/Programs Sheet,75%,100%,Week 4,5/31,6/6,100%
Education,Alisha,Onsite Camps/Clubs,We are filling onsite camps and clubs to capacity,Attendance/Programs Sheet,75%,100%,Week 5,6/7,6/13,85%
Education,Alisha,Onsite Camps/Clubs,We are filling onsite camps and clubs to capacity,Attendance/Programs Sheet,75%,100%,Week 6,6/14,6/20,95%
Education,Alisha,Onsite Camps/Clubs,We are filling onsite camps and clubs to capacity,Attendance/Programs Sheet,75%,100%,Week 7,6/21,6/27,100%
Education,Alisha,Onsite Camps/Clubs,We are filling onsite camps and clubs to capacity,Attendance/Programs Sheet,75%,100%,Week 8,6/28,7/4,100%
Education,Alisha,Onsite Camps/Clubs,We are filling onsite camps and clubs to capacity,Attendance/Programs Sheet,75%,100%,Week 9,7/5,7/11,100%
Education,Alisha,Onsite Camps/Clubs,We are filling onsite camps and clubs to capacity,Attendance/Programs Sheet,75%,100%,Week 10,7/12,7/18,100%
Education,Alisha,Onsite Camps/Clubs,We are filling onsite camps and clubs to capacity,Attendance/Programs Sheet,75%,100%,Week 11,7/19,7/25,100%
Education,Alisha,Onsite Camps/Clubs,We are filling onsite camps and clubs to capacity,Attendance/Programs Sheet,75%,100%,Week 12,7/26,8/1,100%
Education,Alisha,Onsite Camps/Clubs,We are filling onsite camps and clubs to capacity,Attendance/Programs Sheet,75%,100%,Week 13,8/2,8/8,100%
Education,Alisha,Onsite Camps/Clubs,We are filling onsite camps and clubs to capacity,Attendance/Programs Sheet,75%,100%,Week 14,8/9,8/15,100%
Education,Alisha,Onsite Camps/Clubs,We are filling onsite camps and clubs to capacity,Attendance/Programs Sheet,75%,100%,Week 15,8/16,8/22,
Education,Alisha,Onsite Camps/Clubs,We are filling onsite camps and clubs to capacity,Attendance/Programs Sheet,75%,100%,Week 16,8/23,8/29,
Education,Hope,Offsite Participants,"We're growing offsite programming (Last 30 days, compared to last year.)",Attendance/Programs Sheet,0%,12%,Week 1,5/10,5/16,-29%
Education,Hope,Offsite Participants,"We're growing offsite programming (Last 30 days, compared to last year.)",Attendance/Programs Sheet,0%,12%,Week 2,5/17,5/23,-32%
Education,Hope,Offsite Participants,"We're growing offsite programming (Last 30 days, compared to last year.)",Attendance/Programs Sheet,0%,12%,Week 3,5/24,5/30,-40%
Education,Hope,Offsite Participants,"We're growing offsite programming (Last 30 days, compared to last year.)",Attendance/Programs Sheet,0%,12%,Week 4,5/31,6/6,-22%
Education,Hope,Offsite Participants,"We're growing offsite programming (Last 30 days, compared to last year.)",Attendance/Programs Sheet,0%,12%,Week 5,6/7,6/13,16%
Education,Hope,Offsite Participants,"We're growing offsite programming (Last 30 days, compared to last year.)",Attendance/Programs Sheet,0%,12%,Week 6,6/14,6/20,23%
Education,Hope,Offsite Participants,"We're growing offsite programming (Last 30 days, compared to last year.)",Attendance/Programs Sheet,0%,12%,Week 7,6/21,6/27,-59%
Education,Hope,Offsite Participants,"We're growing offsite programming (Last 30 days, compared to last year.)",Attendance/Programs Sheet,0%,12%,Week 8,6/28,7/4,-18%
Education,Hope,Offsite Participants,"We're growing offsite programming (Last 30 days, compared to last year.)",Attendance/Programs Sheet,0%,12%,Week 9,7/5,7/11,-41%
Education,Hope,Offsite Participants,"We're growing offsite programming (Last 30 days, compared to last year.)",Attendance/Programs Sheet,0%,12%,Week 10,7/12,7/18,-48%
Education,Hope,Offsite Participants,"We're growing offsite programming (Last 30 days, compared to last year.)",Attendance/Programs Sheet,0%,12%,Week 11,7/19,7/25,-75%
Education,Hope,Offsite Participants,"We're growing offsite programming (Last 30 days, compared to last year.)",Attendance/Programs Sheet,0%,12%,Week 12,7/26,8/1,-71%
Education,Hope,Offsite Participants,"We're growing offsite programming (Last 30 days, compared to last year.)",Attendance/Programs Sheet,0%,12%,Week 13,8/2,8/8,-84%
Education,Hope,Offsite Participants,"We're growing offsite programming (Last 30 days, compared to last year.)",Attendance/Programs Sheet,0%,12%,Week 14,8/9,8/15,-80%
Education,Hope,Offsite Participants,"We're growing offsite programming (Last 30 days, compared to last year.)",Attendance/Programs Sheet,0%,12%,Week 15,8/16,8/22,-96%
Education,Hope,Offsite Participants,"We're growing offsite programming (Last 30 days, compared to last year.)",Attendance/Programs Sheet,0%,12%,Week 16,8/23,8/29,-79%
Education,Hope,Offsite Participants,We're growing our offsite programming reach (Last 30 days),Programs Sheet,300,600,Week 1,5/10,5/16,2973
Education,Hope,Offsite Participants,We're growing our offsite programming reach (Last 30 days),Programs Sheet,300,600,Week 2,5/17,5/23,3266
Education,Hope,Offsite Participants,We're growing our offsite programming reach (Last 30 days),Programs Sheet,300,600,Week 3,5/24,5/30,2496
Education,Hope,Offsite Participants,We're growing our offsite programming reach (Last 30 days),Programs Sheet,300,600,Week 4,5/31,6/6,2267
Education,Hope,Offsite Participants,We're growing our offsite programming reach (Last 30 days),Programs Sheet,300,600,Week 5,6/7,6/13,1914
Education,Hope,Offsite Participants,We're growing our offsite programming reach (Last 30 days),Programs Sheet,300,600,Week 6,6/14,6/20,2014
Education,Hope,Offsite Participants,We're growing our offsite programming reach (Last 30 days),Programs Sheet,300,600,Week 7,6/21,6/27,1114
Education,Hope,Offsite Participants,We're growing our offsite programming reach (Last 30 days),Programs Sheet,300,600,Week 8,6/28,7/4,1110
Education,Hope,Offsite Participants,We're growing our offsite programming reach (Last 30 days),Programs Sheet,300,600,Week 9,7/5,7/11,633
Education,Hope,Offsite Participants,We're growing our offsite programming reach (Last 30 days),Programs Sheet,300,600,Week 10,7/12,7/18,720
Education,Hope,Offsite Participants,We're growing our offsite programming reach (Last 30 days),Programs Sheet,300,600,Week 11,7/19,7/25,399
Education,Hope,Offsite Participants,We're growing our offsite programming reach (Last 30 days),Programs Sheet,300,600,Week 12,7/26,8/1,591
Education,Hope,Offsite Participants,We're growing our offsite programming reach (Last 30 days),Programs Sheet,300,600,Week 13,8/2,8/8,356
Education,Hope,Offsite Participants,We're growing our offsite programming reach (Last 30 days),Programs Sheet,300,600,Week 14,8/9,8/15,334
Education,Hope,Offsite Participants,We're growing our offsite programming reach (Last 30 days),Programs Sheet,300,600,Week 15,8/16,8/22,70
Education,Hope,Offsite Participants,We're growing our offsite programming reach (Last 30 days),Programs Sheet,300,600,Week 16,8/23,8/29,181
Education,Hope,Community Partners,Community partnerships in programming (1 month rolling),Master Calendar + Summer Camp Schedule,6,10,Week 1,5/10,5/16,4
Education,Hope,Community Partners,Community partnerships in programming (1 month rolling),Master Calendar + Summer Camp Schedule,6,10,Week 2,5/17,5/23,2
Education,Hope,Community Partners,Community partnerships in programming (1 month rolling),Master Calendar + Summer Camp Schedule,6,10,Week 3,5/24,5/30,0
Education,Hope,Community Partners,Community partnerships in programming (1 month rolling),Master Calendar + Summer Camp Schedule,6,10,Week 4,5/31,6/6,1
Education,Hope,Community Partners,Community partnerships in programming (1 month rolling),Master Calendar + Summer Camp Schedule,6,10,Week 5,6/7,6/13,1
Education,Hope,Community Partners,Community partnerships in programming (1 month rolling),Master Calendar + Summer Camp Schedule,6,10,Week 6,6/14,6/20,1
Education,Hope,Community Partners,Community partnerships in programming (1 month rolling),Master Calendar + Summer Camp Schedule,6,10,Week 7,6/21,6/27,0
Education,Hope,Community Partners,Community partnerships in programming (1 month rolling),Master Calendar + Summer Camp Schedule,6,10,Week 8,6/28,7/4,3
Education,Hope,Community Partners,Community partnerships in programming (1 month rolling),Master Calendar + Summer Camp Schedule,6,10,Week 9,7/5,7/11,0
Education,Hope,Community Partners,Community partnerships in programming (1 month rolling),Master Calendar + Summer Camp Schedule,6,10,Week 10,7/12,7/18,1
Education,Hope,Community Partners,Community partnerships in programming (1 month rolling),Master Calendar + Summer Camp Schedule,6,10,Week 11,7/19,7/25,2
Education,Hope,Community Partners,Community partnerships in programming (1 month rolling),Master Calendar + Summer Camp Schedule,6,10,Week 12,7/26,8/1,0
Education,Hope,Community Partners,Community partnerships in programming (1 month rolling),Master Calendar + Summer Camp Schedule,6,10,Week 13,8/2,8/8,1
Education,Hope,Community Partners,Community partnerships in programming (1 month rolling),Master Calendar + Summer Camp Schedule,6,10,Week 14,8/9,8/15,0
Education,Hope,Community Partners,Community partnerships in programming (1 month rolling),Master Calendar + Summer Camp Schedule,6,10,Week 15,8/16,8/22,0
Education,Hope,Community Partners,Community partnerships in programming (1 month rolling),Master Calendar + Summer Camp Schedule,6,10,Week 16,8/23,8/29,1
Education,Hope,Offsite Events,We are pusuring new and less visited offsite program partners,,0,1,Week 1,5/10,5/16,0
Education,Hope,Offsite Events,We are pusuring new and less visited offsite program partners,,0,1,Week 2,5/17,5/23,0
Education,Hope,Offsite Events,We are pusuring new and less visited offsite program partners,,0,1,Week 3,5/24,5/30,0
Education,Hope,Offsite Events,We are pusuring new and less visited offsite program partners,,0,1,Week 4,5/31,6/6,1
Education,Hope,Offsite Events,We are pusuring new and less visited offsite program partners,,0,1,Week 5,6/7,6/13,0
Education,Hope,Offsite Events,We are pusuring new and less visited offsite program partners,,0,1,Week 6,6/14,6/20,0
Education,Hope,Offsite Events,We are pusuring new and less visited offsite program partners,,0,1,Week 7,6/21,6/27,0
Education,Hope,Offsite Events,We are pusuring new and less visited offsite program partners,,0,1,Week 8,6/28,7/4,1
Education,Hope,Offsite Events,We are pusuring new and less visited offsite program partners,,0,1,Week 9,7/5,7/11,0
Education,Hope,Offsite Events,We are pusuring new and less visited offsite program partners,,0,1,Week 10,7/12,7/18,2
Education,Hope,Offsite Events,We are pusuring new and less visited offsite program partners,,0,1,Week 11,7/19,7/25,2
Education,Hope,Offsite Events,We are pusuring new and less visited offsite program partners,,0,1,Week 12,7/26,8/1,0
Education,Hope,Offsite Events,We are pusuring new and less visited offsite program partners,,0,1,Week 13,8/2,8/8,0
Education,Hope,Offsite Events,We are pusuring new and less visited offsite program partners,,0,1,Week 14,8/9,8/15,0
Education,Hope,Offsite Events,We are pusuring new and less visited offsite program partners,,0,1,Week 15,8/16,8/22,0
Education,Hope,Offsite Events,We are pusuring new and less visited offsite program partners,,0,1,Week 16,8/23,8/29,1
Public Engagement,Ashley,Community Memberships,We're growing community memberships.,SalesForce,"1,700","1,800",Week 1,5/10,5/16,1722
Public Engagement,Ashley,Community Memberships,We're growing community memberships.,SalesForce,"1,700","1,800",Week 2,5/17,5/23,1750
Public Engagement,Ashley,Community Memberships,We're growing community memberships.,SalesForce,"1,700","1,800",Week 3,5/24,5/30,1665
Public Engagement,Ashley,Community Memberships,We're growing community memberships.,SalesForce,"1,700","1,800",Week 4,5/31,6/6,1696
Public Engagement,Ashley,Community Memberships,We're growing community memberships.,SalesForce,"1,700","1,800",Week 5,6/7,6/13,1732
Public Engagement,Ashley,Community Memberships,We're growing community memberships.,SalesForce,"1,700","1,800",Week 6,6/14,6/20,1761
Public Engagement,Ashley,Community Memberships,We're growing community memberships.,SalesForce,"1,700","1,800",Week 7,6/21,6/27,1794
Public Engagement,Ashley,Community Memberships,We're growing community memberships.,SalesForce,"1,700","1,800",Week 8,6/28,7/4,1755
Public Engagement,Ashley,Community Memberships,We're growing community memberships.,SalesForce,"1,700","1,800",Week 9,7/5,7/11,1758
Public Engagement,Ashley,Community Memberships,We're growing community memberships.,SalesForce,"1,700","1,800",Week 10,7/12,7/18,1772
Public Engagement,Ashley,Community Memberships,We're growing community memberships.,SalesForce,"1,700","1,800",Week 11,7/19,7/25,1782
Public Engagement,Ashley,Community Memberships,We're growing community memberships.,SalesForce,"1,700","1,800",Week 12,7/26,8/1,1670
Public Engagement,Ashley,Community Memberships,We're growing community memberships.,SalesForce,"1,700","1,800",Week 13,8/2,8/8,1692
Public Engagement,Ashley,Community Memberships,We're growing community memberships.,SalesForce,"1,700","1,800",Week 14,8/9,8/15,1727
Public Engagement,Ashley,Community Memberships,We're growing community memberships.,SalesForce,"1,700","1,800",Week 15,8/16,8/22,1745
Public Engagement,Ashley,Community Memberships,We're growing community memberships.,SalesForce,"1,700","1,800",Week 16,8/23,8/29,1763
Public Engagement,Ashley,New/Renewed Memberships,We are attracting new members.,SalesForce,20,45,Week 1,5/10,5/16,32
Public Engagement,Ashley,New/Renewed Memberships,We are attracting new members.,SalesForce,20,45,Week 2,5/17,5/23,44
Public Engagement,Ashley,New/Renewed Memberships,We are attracting new members.,SalesForce,20,45,Week 3,5/24,5/30,33
Public Engagement,Ashley,New/Renewed Memberships,We are attracting new members.,SalesForce,20,45,Week 4,5/31,6/6,35
Public Engagement,Ashley,New/Renewed Memberships,We are attracting new members.,SalesForce,20,45,Week 5,6/7,6/13,45
Public Engagement,Ashley,New/Renewed Memberships,We are attracting new members.,SalesForce,20,45,Week 6,6/14,6/20,39
Public Engagement,Ashley,New/Renewed Memberships,We are attracting new members.,SalesForce,20,45,Week 7,6/21,6/27,35
Public Engagement,Ashley,New/Renewed Memberships,We are attracting new members.,SalesForce,20,45,Week 8,6/28,7/4,62
Public Engagement,Ashley,New/Renewed Memberships,We are attracting new members.,SalesForce,20,45,Week 9,7/5,7/11,16
Public Engagement,Ashley,New/Renewed Memberships,We are attracting new members.,SalesForce,20,45,Week 10,7/12,7/18,56
Public Engagement,Ashley,New/Renewed Memberships,We are attracting new members.,SalesForce,20,45,Week 11,7/19,7/25,26
Public Engagement,Ashley,New/Renewed Memberships,We are attracting new members.,SalesForce,20,45,Week 12,7/26,8/1,32
Public Engagement,Ashley,New/Renewed Memberships,We are attracting new members.,SalesForce,20,45,Week 13,8/2,8/8,23
Public Engagement,Ashley,New/Renewed Memberships,We are attracting new members.,SalesForce,20,45,Week 14,8/9,8/15,36
Public Engagement,Ashley,New/Renewed Memberships,We are attracting new members.,SalesForce,20,45,Week 15,8/16,8/22,26
Public Engagement,Ashley,New/Renewed Memberships,We are attracting new members.,SalesForce,20,45,Week 16,8/23,8/29,19
Public Engagement,Ashley,Renewal Rate - Last 90 Days,Our members find value in continued membership.,SalesForce,30%,35%,Week 1,5/10,5/16,36%
Public Engagement,Ashley,Renewal Rate - Last 90 Days,Our members find value in continued membership.,SalesForce,30%,35%,Week 2,5/17,5/23,36%
Public Engagement,Ashley,Renewal Rate - Last 90 Days,Our members find value in continued membership.,SalesForce,30%,35%,Week 3,5/24,5/30,33%
Public Engagement,Ashley,Renewal Rate - Last 90 Days,Our members find value in continued membership.,SalesForce,30%,35%,Week 4,5/31,6/6,34%
Public Engagement,Ashley,Renewal Rate - Last 90 Days,Our members find value in continued membership.,SalesForce,30%,35%,Week 5,6/7,6/13,37%
Public Engagement,Ashley,Renewal Rate - Last 90 Days,Our members find value in continued membership.,SalesForce,30%,35%,Week 6,6/14,6/20,38%
Public Engagement,Ashley,Renewal Rate - Last 90 Days,Our members find value in continued membership.,SalesForce,30%,35%,Week 7,6/21,6/27,43%
Public Engagement,Ashley,Renewal Rate - Last 90 Days,Our members find value in continued membership.,SalesForce,30%,35%,Week 8,6/28,7/4,41%
Public Engagement,Ashley,Renewal Rate - Last 90 Days,Our members find value in continued membership.,SalesForce,30%,35%,Week 9,7/5,7/11,41%
Public Engagement,Ashley,Renewal Rate - Last 90 Days,Our members find value in continued membership.,SalesForce,30%,35%,Week 10,7/12,7/18,41%
Public Engagement,Ashley,Renewal Rate - Last 90 Days,Our members find value in continued membership.,SalesForce,30%,35%,Week 11,7/19,7/25,41%
Public Engagement,Ashley,Renewal Rate - Last 90 Days,Our members find value in continued membership.,SalesForce,30%,35%,Week 12,7/26,8/1,32%
Public Engagement,Ashley,Renewal Rate - Last 90 Days,Our members find value in continued membership.,SalesForce,30%,35%,Week 13,8/2,8/8,33%
Public Engagement,Ashley,Renewal Rate - Last 90 Days,Our members find value in continued membership.,SalesForce,30%,35%,Week 14,8/9,8/15,35%
Public Engagement,Ashley,Renewal Rate - Last 90 Days,Our members find value in continued membership.,SalesForce,30%,35%,Week 15,8/16,8/22,36%
Public Engagement,Ashley,Renewal Rate - Last 90 Days,Our members find value in continued membership.,SalesForce,30%,35%,Week 16,8/23,8/29,49%
Public Engagement,Ashley,Gallery Visitors,Our gallery is a place the community frequents.,SalesForce,"1,000","2,000",Week 1,5/10,5/16,1508
Public Engagement,Ashley,Gallery Visitors,Our gallery is a place the community frequents.,SalesForce,"1,000","2,000",Week 2,5/17,5/23,1779
Public Engagement,Ashley,Gallery Visitors,Our gallery is a place the community frequents.,SalesForce,"1,000","2,000",Week 3,5/24,5/30,1050
Public Engagement,Ashley,Gallery Visitors,Our gallery is a place the community frequents.,SalesForce,"1,000","2,000",Week 4,5/31,6/6,900
Public Engagement,Ashley,Gallery Visitors,Our gallery is a place the community frequents.,SalesForce,"1,000","2,000",Week 5,6/7,6/13,1399
Public Engagement,Ashley,Gallery Visitors,Our gallery is a place the community frequents.,SalesForce,"1,000","2,000",Week 6,6/14,6/20,1530
Public Engagement,Ashley,Gallery Visitors,Our gallery is a place the community frequents.,SalesForce,"1,000","2,000",Week 7,6/21,6/27,1438
Public Engagement,Ashley,Gallery Visitors,Our gallery is a place the community frequents.,SalesForce,"1,000","2,000",Week 8,6/28,7/4,1155
Public Engagement,Ashley,Gallery Visitors,Our gallery is a place the community frequents.,SalesForce,"1,000","2,000",Week 9,7/5,7/11,1799
Public Engagement,Ashley,Gallery Visitors,Our gallery is a place the community frequents.,SalesForce,"1,000","2,000",Week 10,7/12,7/18,1955
Public Engagement,Ashley,Gallery Visitors,Our gallery is a place the community frequents.,SalesForce,"1,000","2,000",Week 11,7/19,7/25,1459
Public Engagement,Ashley,Gallery Visitors,Our gallery is a place the community frequents.,SalesForce,"1,000","2,000",Week 12,7/26,8/1,1758
Public Engagement,Ashley,Gallery Visitors,Our gallery is a place the community frequents.,SalesForce,"1,000","2,000",Week 13,8/2,8/8,1737
Public Engagement,Ashley,Gallery Visitors,Our gallery is a place the community frequents.,SalesForce,"1,000","2,000",Week 14,8/9,8/15,1850
Public Engagement,Ashley,Gallery Visitors,Our gallery is a place the community frequents.,SalesForce,"1,000","2,000",Week 15,8/16,8/22,1082
Public Engagement,Ashley,Gallery Visitors,Our gallery is a place the community frequents.,SalesForce,"1,000","2,000",Week 16,8/23,8/29,722
Public Engagement,Dawn,Field Trips/Group Visitors,Our gallery is attracting schools and groups.,SalesForce,50,250,Week 1,5/10,5/16,856
Public Engagement,Dawn,Field Trips/Group Visitors,Our gallery is attracting schools and groups.,SalesForce,50,250,Week 2,5/17,5/23,472
Public Engagement,Dawn,Field Trips/Group Visitors,Our gallery is attracting schools and groups.,SalesForce,50,250,Week 3,5/24,5/30,0
Public Engagement,Dawn,Field Trips/Group Visitors,Our gallery is attracting schools and groups.,SalesForce,50,250,Week 4,5/31,6/6,83
Public Engagement,Dawn,Field Trips/Group Visitors,Our gallery is attracting schools and groups.,SalesForce,50,250,Week 5,6/7,6/13,137
Public Engagement,Dawn,Field Trips/Group Visitors,Our gallery is attracting schools and groups.,SalesForce,50,250,Week 6,6/14,6/20,136
Public Engagement,Dawn,Field Trips/Group Visitors,Our gallery is attracting schools and groups.,SalesForce,50,250,Week 7,6/21,6/27,69
Public Engagement,Dawn,Field Trips/Group Visitors,Our gallery is attracting schools and groups.,SalesForce,50,250,Week 8,6/28,7/4,30
Public Engagement,Dawn,Field Trips/Group Visitors,Our gallery is attracting schools and groups.,SalesForce,50,250,Week 9,7/5,7/11,336
Public Engagement,Dawn,Field Trips/Group Visitors,Our gallery is attracting schools and groups.,SalesForce,50,250,Week 10,7/12,7/18,207
Public Engagement,Dawn,Field Trips/Group Visitors,Our gallery is attracting schools and groups.,SalesForce,50,250,Week 11,7/19,7/25,233
Public Engagement,Dawn,Field Trips/Group Visitors,Our gallery is attracting schools and groups.,SalesForce,50,250,Week 12,7/26,8/1,85
Public Engagement,Dawn,Field Trips/Group Visitors,Our gallery is attracting schools and groups.,SalesForce,50,250,Week 13,8/2,8/8,194
Public Engagement,Dawn,Field Trips/Group Visitors,Our gallery is attracting schools and groups.,SalesForce,50,250,Week 14,8/9,8/15,43
Public Engagement,Dawn,Field Trips/Group Visitors,Our gallery is attracting schools and groups.,SalesForce,50,250,Week 15,8/16,8/22,0
Public Engagement,Dawn,Field Trips/Group Visitors,Our gallery is attracting schools and groups.,SalesForce,50,250,Week 16,8/23,8/29,0
Public Engagement,Dawn,Gift Shop Sales,Our gift shop offers the visitors a piece of NDGTS,SalesForce,650,850,Week 1,5/10,5/16,711.28
Public Engagement,Dawn,Gift Shop Sales,Our gift shop offers the visitors a piece of NDGTS,SalesForce,650,850,Week 2,5/17,5/23,1531.4
Public Engagement,Dawn,Gift Shop Sales,Our gift shop offers the visitors a piece of NDGTS,SalesForce,650,850,Week 3,5/24,5/30,495.42
Public Engagement,Dawn,Gift Shop Sales,Our gift shop offers the visitors a piece of NDGTS,SalesForce,650,850,Week 4,5/31,6/6,1101.12
Public Engagement,Dawn,Gift Shop Sales,Our gift shop offers the visitors a piece of NDGTS,SalesForce,650,850,Week 5,6/7,6/13,678.63
Public Engagement,Dawn,Gift Shop Sales,Our gift shop offers the visitors a piece of NDGTS,SalesForce,650,850,Week 6,6/14,6/20,528.86
Public Engagement,Dawn,Gift Shop Sales,Our gift shop offers the visitors a piece of NDGTS,SalesForce,650,850,Week 7,6/21,6/27,615.52
Public Engagement,Dawn,Gift Shop Sales,Our gift shop offers the visitors a piece of NDGTS,SalesForce,650,850,Week 8,6/28,7/4,990.64
Public Engagement,Dawn,Gift Shop Sales,Our gift shop offers the visitors a piece of NDGTS,SalesForce,650,850,Week 9,7/5,7/11,1039.63
Public Engagement,Dawn,Gift Shop Sales,Our gift shop offers the visitors a piece of NDGTS,SalesForce,650,850,Week 10,7/12,7/18,1132.01
Public Engagement,Dawn,Gift Shop Sales,Our gift shop offers the visitors a piece of NDGTS,SalesForce,650,850,Week 11,7/19,7/25,1204.19
Public Engagement,Dawn,Gift Shop Sales,Our gift shop offers the visitors a piece of NDGTS,SalesForce,650,850,Week 12,7/26,8/1,868.40
Public Engagement,Dawn,Gift Shop Sales,Our gift shop offers the visitors a piece of NDGTS,SalesForce,650,850,Week 13,8/2,8/8,629.49
Public Engagement,Dawn,Gift Shop Sales,Our gift shop offers the visitors a piece of NDGTS,SalesForce,650,850,Week 14,8/9,8/15,934.06
Public Engagement,Dawn,Gift Shop Sales,Our gift shop offers the visitors a piece of NDGTS,SalesForce,650,850,Week 15,8/16,8/22,803.49
Public Engagement,Dawn,Gift Shop Sales,Our gift shop offers the visitors a piece of NDGTS,SalesForce,650,850,Week 16,8/23,8/29,398.12
Public Engagement,Ashley,Teamwork,We're following through on priorities.,Teamwork,6,3,Week 1,5/10,5/16,4
Public Engagement,Ashley,Teamwork,We're following through on priorities.,Teamwork,6,3,Week 2,5/17,5/23,5
Public Engagement,Ashley,Teamwork,We're following through on priorities.,Teamwork,6,3,Week 3,5/24,5/30,5
Public Engagement,Ashley,Teamwork,We're following through on priorities.,Teamwork,6,3,Week 4,5/31,6/6,4
Public Engagement,Ashley,Teamwork,We're following through on priorities.,Teamwork,6,3,Week 5,6/7,6/13,1
Public Engagement,Ashley,Teamwork,We're following through on priorities.,Teamwork,6,3,Week 6,6/14,6/20,5
Public Engagement,Ashley,Teamwork,We're following through on priorities.,Teamwork,6,3,Week 7,6/21,6/27,3
Public Engagement,Ashley,Teamwork,We're following through on priorities.,Teamwork,6,3,Week 8,6/28,7/4,3
Public Engagement,Ashley,Teamwork,We're following through on priorities.,Teamwork,6,3,Week 9,7/5,7/11,3
Public Engagement,Ashley,Teamwork,We're following through on priorities.,Teamwork,6,3,Week 10,7/12,7/18,1
Public Engagement,Ashley,Teamwork,We're following through on priorities.,Teamwork,6,3,Week 11,7/19,7/25,0
Public Engagement,Ashley,Teamwork,We're following through on priorities.,Teamwork,6,3,Week 12,7/26,8/1,3
Public Engagement,Ashley,Teamwork,We're following through on priorities.,Teamwork,6,3,Week 13,8/2,8/8,3
Public Engagement,Ashley,Teamwork,We're following through on priorities.,Teamwork,6,3,Week 14,8/9,8/15,3
Public Engagement,Ashley,Teamwork,We're following through on priorities.,Teamwork,6,3,Week 15,8/16,8/22,1
Public Engagement,Ashley,Teamwork,We're following through on priorities.,Teamwork,6,3,Week 16,8/23,8/29,3
Public Engagement,Ashley,"""Gateway to Science"" Search",Our mission is known in the community.,GSC,250,350,Week 1,5/10,5/16,344
Public Engagement,Ashley,"""Gateway to Science"" Search",Our mission is known in the community.,GSC,250,350,Week 2,5/17,5/23,347
Public Engagement,Ashley,"""Gateway to Science"" Search",Our mission is known in the community.,GSC,250,350,Week 3,5/24,5/30,303
Public Engagement,Ashley,"""Gateway to Science"" Search",Our mission is known in the community.,GSC,250,350,Week 4,5/31,6/6,258
Public Engagement,Ashley,"""Gateway to Science"" Search",Our mission is known in the community.,GSC,250,350,Week 5,6/7,6/13,341
Public Engagement,Ashley,"""Gateway to Science"" Search",Our mission is known in the community.,GSC,250,350,Week 6,6/14,6/20,373
Public Engagement,Ashley,"""Gateway to Science"" Search",Our mission is known in the community.,GSC,250,350,Week 7,6/21,6/27,373
Public Engagement,Ashley,"""Gateway to Science"" Search",Our mission is known in the community.,GSC,250,350,Week 8,6/28,7/4,296
Public Engagement,Ashley,"""Gateway to Science"" Search",Our mission is known in the community.,GSC,250,350,Week 9,7/5,7/11,391
Public Engagement,Ashley,"""Gateway to Science"" Search",Our mission is known in the community.,GSC,250,350,Week 10,7/12,7/18,387
Public Engagement,Ashley,"""Gateway to Science"" Search",Our mission is known in the community.,GSC,250,350,Week 11,7/19,7/25,386
Public Engagement,Ashley,"""Gateway to Science"" Search",Our mission is known in the community.,GSC,250,350,Week 12,7/26,8/1,327
Public Engagement,Ashley,"""Gateway to Science"" Search",Our mission is known in the community.,GSC,250,350,Week 13,8/2,8/8,321
Public Engagement,Ashley,"""Gateway to Science"" Search",Our mission is known in the community.,GSC,250,350,Week 14,8/9,8/15,311
Public Engagement,Ashley,"""Gateway to Science"" Search",Our mission is known in the community.,GSC,250,350,Week 15,8/16,8/22,262
Public Engagement,Ashley,"""Gateway to Science"" Search",Our mission is known in the community.,GSC,250,350,Week 16,8/23,8/29,245
Public Engagement,Ashley,Site Health,An important marketing tool is working.,ahrefs,95,98,Week 1,5/10,5/16,98
Public Engagement,Ashley,Site Health,An important marketing tool is working.,ahrefs,95,98,Week 2,5/17,5/23,99
Public Engagement,Ashley,Site Health,An important marketing tool is working.,ahrefs,95,98,Week 3,5/24,5/30,99
Public Engagement,Ashley,Site Health,An important marketing tool is working.,ahrefs,95,98,Week 4,5/31,6/6,99
Public Engagement,Ashley,Site Health,An important marketing tool is working.,ahrefs,95,98,Week 5,6/7,6/13,99
Public Engagement,Ashley,Site Health,An important marketing tool is working.,ahrefs,95,98,Week 6,6/14,6/20,99
Public Engagement,Ashley,Site Health,An important marketing tool is working.,ahrefs,95,98,Week 7,6/21,6/27,99
Public Engagement,Ashley,Site Health,An important marketing tool is working.,ahrefs,95,98,Week 8,6/28,7/4,99
Public Engagement,Ashley,Site Health,An important marketing tool is working.,ahrefs,95,98,Week 9,7/5,7/11,99
Public Engagement,Ashley,Site Health,An important marketing tool is working.,ahrefs,95,98,Week 10,7/12,7/18,99
Public Engagement,Ashley,Site Health,An important marketing tool is working.,ahrefs,95,98,Week 11,7/19,7/25,99
Public Engagement,Ashley,Site Health,An important marketing tool is working.,ahrefs,95,98,Week 12,7/26,8/1,99
Public Engagement,Ashley,Site Health,An important marketing tool is working.,ahrefs,95,98,Week 13,8/2,8/8,90
Public Engagement,Ashley,Site Health,An important marketing tool is working.,ahrefs,95,98,Week 14,8/9,8/15,90
Public Engagement,Ashley,Site Health,An important marketing tool is working.,ahrefs,95,98,Week 15,8/16,8/22,90
Public Engagement,Ashley,Site Health,An important marketing tool is working.,ahrefs,95,98,Week 16,8/23,8/29,90
Public Engagement,Ashley,Monthly Visitors (1m trailing),"Our site is useful, compelling, and engaging to visitors.",GA,"5,000","7,000",Week 1,5/10,5/16,4924
Public Engagement,Ashley,Monthly Visitors (1m trailing),"Our site is useful, compelling, and engaging to visitors.",GA,"5,000","7,000",Week 2,5/17,5/23,4409
Public Engagement,Ashley,Monthly Visitors (1m trailing),"Our site is useful, compelling, and engaging to visitors.",GA,"5,000","7,000",Week 3,5/24,5/30,4980
Public Engagement,Ashley,Monthly Visitors (1m trailing),"Our site is useful, compelling, and engaging to visitors.",GA,"5,000","7,000",Week 4,5/31,6/6,4987
Public Engagement,Ashley,Monthly Visitors (1m trailing),"Our site is useful, compelling, and engaging to visitors.",GA,"5,000","7,000",Week 5,6/7,6/13,5198
Public Engagement,Ashley,Monthly Visitors (1m trailing),"Our site is useful, compelling, and engaging to visitors.",GA,"5,000","7,000",Week 6,6/14,6/20,5228
Public Engagement,Ashley,Monthly Visitors (1m trailing),"Our site is useful, compelling, and engaging to visitors.",GA,"5,000","7,000",Week 7,6/21,6/27,5314
Public Engagement,Ashley,Monthly Visitors (1m trailing),"Our site is useful, compelling, and engaging to visitors.",GA,"5,000","7,000",Week 8,6/28,7/4,4983
Public Engagement,Ashley,Monthly Visitors (1m trailing),"Our site is useful, compelling, and engaging to visitors.",GA,"5,000","7,000",Week 9,7/5,7/11,5053
Public Engagement,Ashley,Monthly Visitors (1m trailing),"Our site is useful, compelling, and engaging to visitors.",GA,"5,000","7,000",Week 10,7/12,7/18,4795
Public Engagement,Ashley,Monthly Visitors (1m trailing),"Our site is useful, compelling, and engaging to visitors.",GA,"5,000","7,000",Week 11,7/19,7/25,4953
Public Engagement,Ashley,Monthly Visitors (1m trailing),"Our site is useful, compelling, and engaging to visitors.",GA,"5,000","7,000",Week 12,7/26,8/1,5006
Public Engagement,Ashley,Monthly Visitors (1m trailing),"Our site is useful, compelling, and engaging to visitors.",GA,"5,000","7,000",Week 13,8/2,8/8,4676
Public Engagement,Ashley,Monthly Visitors (1m trailing),"Our site is useful, compelling, and engaging to visitors.",GA,"5,000","7,000",Week 14,8/9,8/15,7578
Public Engagement,Ashley,Monthly Visitors (1m trailing),"Our site is useful, compelling, and engaging to visitors.",GA,"5,000","7,000",Week 15,8/16,8/22,7592
Public Engagement,Ashley,Monthly Visitors (1m trailing),"Our site is useful, compelling, and engaging to visitors.",GA,"5,000","7,000",Week 16,8/23,8/29,7465
Public Engagement,Ashley,Monthly Pageviews (1m trailing),"Our site is useful, compelling, and engaging to visitors.",GA,"15,000","17,000",Week 1,5/10,5/16,16973
Public Engagement,Ashley,Monthly Pageviews (1m trailing),"Our site is useful, compelling, and engaging to visitors.",GA,"15,000","17,000",Week 2,5/17,5/23,16976
Public Engagement,Ashley,Monthly Pageviews (1m trailing),"Our site is useful, compelling, and engaging to visitors.",GA,"15,000","17,000",Week 3,5/24,5/30,17663
Public Engagement,Ashley,Monthly Pageviews (1m trailing),"Our site is useful, compelling, and engaging to visitors.",GA,"15,000","17,000",Week 4,5/31,6/6,18117
Public Engagement,Ashley,Monthly Pageviews (1m trailing),"Our site is useful, compelling, and engaging to visitors.",GA,"15,000","17,000",Week 5,6/7,6/13,18952
Public Engagement,Ashley,Monthly Pageviews (1m trailing),"Our site is useful, compelling, and engaging to visitors.",GA,"15,000","17,000",Week 6,6/14,6/20,18718
Public Engagement,Ashley,Monthly Pageviews (1m trailing),"Our site is useful, compelling, and engaging to visitors.",GA,"15,000","17,000",Week 7,6/21,6/27,19045
Public Engagement,Ashley,Monthly Pageviews (1m trailing),"Our site is useful, compelling, and engaging to visitors.",GA,"15,000","17,000",Week 8,6/28,7/4,16514
Public Engagement,Ashley,Monthly Pageviews (1m trailing),"Our site is useful, compelling, and engaging to visitors.",GA,"15,000","17,000",Week 9,7/5,7/11,16079
Public Engagement,Ashley,Monthly Pageviews (1m trailing),"Our site is useful, compelling, and engaging to visitors.",GA,"15,000","17,000",Week 10,7/12,7/18,16057
Public Engagement,Ashley,Monthly Pageviews (1m trailing),"Our site is useful, compelling, and engaging to visitors.",GA,"15,000","17,000",Week 11,7/19,7/25,16453
Public Engagement,Ashley,Monthly Pageviews (1m trailing),"Our site is useful, compelling, and engaging to visitors.",GA,"15,000","17,000",Week 12,7/26,8/1,16877
Public Engagement,Ashley,Monthly Pageviews (1m trailing),"Our site is useful, compelling, and engaging to visitors.",GA,"15,000","17,000",Week 13,8/2,8/8,16501
Public Engagement,Ashley,Monthly Pageviews (1m trailing),"Our site is useful, compelling, and engaging to visitors.",GA,"15,000","17,000",Week 14,8/9,8/15,19760
Public Engagement,Ashley,Monthly Pageviews (1m trailing),"Our site is useful, compelling, and engaging to visitors.",GA,"15,000","17,000",Week 15,8/16,8/22,19178
Public Engagement,Ashley,Monthly Pageviews (1m trailing),"Our site is useful, compelling, and engaging to visitors.",GA,"15,000","17,000",Week 16,8/23,8/29,18633
Public Engagement,Ashley,News Article Posts (Last 30 Days),What we share is reaching audiences.,GA,1000,3000,Week 1,5/10,5/16,1611
Public Engagement,Ashley,News Article Posts (Last 30 Days),What we share is reaching audiences.,GA,1000,3000,Week 2,5/17,5/23,1579
Public Engagement,Ashley,News Article Posts (Last 30 Days),What we share is reaching audiences.,GA,1000,3000,Week 3,5/24,5/30,1506
Public Engagement,Ashley,News Article Posts (Last 30 Days),What we share is reaching audiences.,GA,1000,3000,Week 4,5/31,6/6,1974
Public Engagement,Ashley,News Article Posts (Last 30 Days),What we share is reaching audiences.,GA,1000,3000,Week 5,6/7,6/13,2623
Public Engagement,Ashley,News Article Posts (Last 30 Days),What we share is reaching audiences.,GA,1000,3000,Week 6,6/14,6/20,2599
Public Engagement,Ashley,News Article Posts (Last 30 Days),What we share is reaching audiences.,GA,1000,3000,Week 7,6/21,6/27,2643
Public Engagement,Ashley,News Article Posts (Last 30 Days),What we share is reaching audiences.,GA,1000,3000,Week 8,6/28,7/4,2080
Public Engagement,Ashley,News Article Posts (Last 30 Days),What we share is reaching audiences.,GA,1000,3000,Week 9,7/5,7/11,1403
Public Engagement,Ashley,News Article Posts (Last 30 Days),What we share is reaching audiences.,GA,1000,3000,Week 10,7/12,7/18,1675
Public Engagement,Ashley,News Article Posts (Last 30 Days),What we share is reaching audiences.,GA,1000,3000,Week 11,7/19,7/25,1679
Public Engagement,Ashley,News Article Posts (Last 30 Days),What we share is reaching audiences.,GA,1000,3000,Week 12,7/26,8/1,1738
Public Engagement,Ashley,News Article Posts (Last 30 Days),What we share is reaching audiences.,GA,1000,3000,Week 13,8/2,8/8,1493
Public Engagement,Ashley,News Article Posts (Last 30 Days),What we share is reaching audiences.,GA,1000,3000,Week 14,8/9,8/15,1767
Public Engagement,Ashley,News Article Posts (Last 30 Days),What we share is reaching audiences.,GA,1000,3000,Week 15,8/16,8/22,1871
Public Engagement,Ashley,News Article Posts (Last 30 Days),What we share is reaching audiences.,GA,1000,3000,Week 16,8/23,8/29,1870
Public Engagement,Ashley,Average Engagement Time,"Our site is useful, compelling, and engaging to visitors.",GA,1:00,2:00,Week 1,5/10,5/16,1:15
Public Engagement,Ashley,Average Engagement Time,"Our site is useful, compelling, and engaging to visitors.",GA,1:00,2:00,Week 2,5/17,5/23,1:21
Public Engagement,Ashley,Average Engagement Time,"Our site is useful, compelling, and engaging to visitors.",GA,1:00,2:00,Week 3,5/24,5/30,1:19
Public Engagement,Ashley,Average Engagement Time,"Our site is useful, compelling, and engaging to visitors.",GA,1:00,2:00,Week 4,5/31,6/6,1:13
Public Engagement,Ashley,Average Engagement Time,"Our site is useful, compelling, and engaging to visitors.",GA,1:00,2:00,Week 5,6/7,6/13,1:12
Public Engagement,Ashley,Average Engagement Time,"Our site is useful, compelling, and engaging to visitors.",GA,1:00,2:00,Week 6,6/14,6/20,1:06
Public Engagement,Ashley,Average Engagement Time,"Our site is useful, compelling, and engaging to visitors.",GA,1:00,2:00,Week 7,6/21,6/27,1:07
Public Engagement,Ashley,Average Engagement Time,"Our site is useful, compelling, and engaging to visitors.",GA,1:00,2:00,Week 8,6/28,7/4,1:01
Public Engagement,Ashley,Average Engagement Time,"Our site is useful, compelling, and engaging to visitors.",GA,1:00,2:00,Week 9,7/5,7/11,1:02
Public Engagement,Ashley,Average Engagement Time,"Our site is useful, compelling, and engaging to visitors.",GA,1:00,2:00,Week 10,7/12,7/18,1:04
Public Engagement,Ashley,Average Engagement Time,"Our site is useful, compelling, and engaging to visitors.",GA,1:00,2:00,Week 11,7/19,7/25,1:04
Public Engagement,Ashley,Average Engagement Time,"Our site is useful, compelling, and engaging to visitors.",GA,1:00,2:00,Week 12,7/26,8/1,1:05
Public Engagement,Ashley,Average Engagement Time,"Our site is useful, compelling, and engaging to visitors.",GA,1:00,2:00,Week 13,8/2,8/8,1:10
Public Engagement,Ashley,Average Engagement Time,"Our site is useful, compelling, and engaging to visitors.",GA,1:00,2:00,Week 14,8/9,8/15,0:53
Public Engagement,Ashley,Average Engagement Time,"Our site is useful, compelling, and engaging to visitors.",GA,1:00,2:00,Week 15,8/16,8/22,0:53
Public Engagement,Ashley,Average Engagement Time,"Our site is useful, compelling, and engaging to visitors.",GA,1:00,2:00,Week 16,8/23,8/29,0:50
Public Engagement,Ashley,Lawyerist Page Engagement,Users are engaging with products through product pages.,Google Tag Manager,?,0:00,Week 1,5/10,5/16,
Public Engagement,Ashley,Lawyerist Page Engagement,Users are engaging with products through product pages.,Google Tag Manager,?,0:00,Week 2,5/17,5/23,
Public Engagement,Ashley,Lawyerist Page Engagement,Users are engaging with products through product pages.,Google Tag Manager,?,0:00,Week 3,5/24,5/30,
Public Engagement,Ashley,Lawyerist Page Engagement,Users are engaging with products through product pages.,Google Tag Manager,?,0:00,Week 4,5/31,6/6,
Public Engagement,Ashley,Lawyerist Page Engagement,Users are engaging with products through product pages.,Google Tag Manager,?,0:00,Week 5,6/7,6/13,
Public Engagement,Ashley,Lawyerist Page Engagement,Users are engaging with products through product pages.,Google Tag Manager,?,0:00,Week 6,6/14,6/20,
Public Engagement,Ashley,Lawyerist Page Engagement,Users are engaging with products through product pages.,Google Tag Manager,?,0:00,Week 7,6/21,6/27,
Public Engagement,Ashley,Lawyerist Page Engagement,Users are engaging with products through product pages.,Google Tag Manager,?,0:00,Week 8,6/28,7/4,
Public Engagement,Ashley,Lawyerist Page Engagement,Users are engaging with products through product pages.,Google Tag Manager,?,0:00,Week 9,7/5,7/11,
Public Engagement,Ashley,Lawyerist Page Engagement,Users are engaging with products through product pages.,Google Tag Manager,?,0:00,Week 10,7/12,7/18,
Public Engagement,Ashley,Lawyerist Page Engagement,Users are engaging with products through product pages.,Google Tag Manager,?,0:00,Week 11,7/19,7/25,
Public Engagement,Ashley,Lawyerist Page Engagement,Users are engaging with products through product pages.,Google Tag Manager,?,0:00,Week 12,7/26,8/1,
Public Engagement,Ashley,Lawyerist Page Engagement,Users are engaging with products through product pages.,Google Tag Manager,?,0:00,Week 13,8/2,8/8,
Public Engagement,Ashley,Lawyerist Page Engagement,Users are engaging with products through product pages.,Google Tag Manager,?,0:00,Week 14,8/9,8/15,
Public Engagement,Ashley,Lawyerist Page Engagement,Users are engaging with products through product pages.,Google Tag Manager,?,0:00,Week 15,8/16,8/22,
Public Engagement,Ashley,Lawyerist Page Engagement,Users are engaging with products through product pages.,Google Tag Manager,?,0:00,Week 16,8/23,8/29,
Public Engagement,Julia,Instagram Impressions/Reach,Our Instagram is relevant and useful.,Facebook,500,"1,000",Week 1,5/10,5/16,1200
Public Engagement,Julia,Instagram Impressions/Reach,Our Instagram is relevant and useful.,Facebook,500,"1,000",Week 2,5/17,5/23,1500
Public Engagement,Julia,Instagram Impressions/Reach,Our Instagram is relevant and useful.,Facebook,500,"1,000",Week 3,5/24,5/30,1600
Public Engagement,Julia,Instagram Impressions/Reach,Our Instagram is relevant and useful.,Facebook,500,"1,000",Week 4,5/31,6/6,843
Public Engagement,Julia,Instagram Impressions/Reach,Our Instagram is relevant and useful.,Facebook,500,"1,000",Week 5,6/7,6/13,661
Public Engagement,Julia,Instagram Impressions/Reach,Our Instagram is relevant and useful.,Facebook,500,"1,000",Week 6,6/14,6/20,1500
Public Engagement,Julia,Instagram Impressions/Reach,Our Instagram is relevant and useful.,Facebook,500,"1,000",Week 7,6/21,6/27,488
Public Engagement,Julia,Instagram Impressions/Reach,Our Instagram is relevant and useful.,Facebook,500,"1,000",Week 8,6/28,7/4,341
Public Engagement,Julia,Instagram Impressions/Reach,Our Instagram is relevant and useful.,Facebook,500,"1,000",Week 9,7/5,7/11,2100
Public Engagement,Julia,Instagram Impressions/Reach,Our Instagram is relevant and useful.,Facebook,500,"1,000",Week 10,7/12,7/18,669
Public Engagement,Julia,Instagram Impressions/Reach,Our Instagram is relevant and useful.,Facebook,500,"1,000",Week 11,7/19,7/25,1600
Public Engagement,Julia,Instagram Impressions/Reach,Our Instagram is relevant and useful.,Facebook,500,"1,000",Week 12,7/26,8/1,2600
Public Engagement,Julia,Instagram Impressions/Reach,Our Instagram is relevant and useful.,Facebook,500,"1,000",Week 13,8/2,8/8,546
Public Engagement,Julia,Instagram Impressions/Reach,Our Instagram is relevant and useful.,Facebook,500,"1,000",Week 14,8/9,8/15,539
Public Engagement,Julia,Instagram Impressions/Reach,Our Instagram is relevant and useful.,Facebook,500,"1,000",Week 15,8/16,8/22,726
Public Engagement,Julia,Instagram Impressions/Reach,Our Instagram is relevant and useful.,Facebook,500,"1,000",Week 16,8/23,8/29,1500
Public Engagement,Julia,Facebook Post Views,Our Facebook is relevant and useful.,Facebook,"10,000","18,000",Week 1,5/10,5/16,16600
Public Engagement,Julia,Facebook Post Views,Our Facebook is relevant and useful.,Facebook,"10,000","18,000",Week 2,5/17,5/23,9400
Public Engagement,Julia,Facebook Post Views,Our Facebook is relevant and useful.,Facebook,"10,000","18,000",Week 3,5/24,5/30,15600
Public Engagement,Julia,Facebook Post Views,Our Facebook is relevant and useful.,Facebook,"10,000","18,000",Week 4,5/31,6/6,10000
Public Engagement,Julia,Facebook Post Views,Our Facebook is relevant and useful.,Facebook,"10,000","18,000",Week 5,6/7,6/13,11400
Public Engagement,Julia,Facebook Post Views,Our Facebook is relevant and useful.,Facebook,"10,000","18,000",Week 6,6/14,6/20,9800
Public Engagement,Julia,Facebook Post Views,Our Facebook is relevant and useful.,Facebook,"10,000","18,000",Week 7,6/21,6/27,16200
Public Engagement,Julia,Facebook Post Views,Our Facebook is relevant and useful.,Facebook,"10,000","18,000",Week 8,6/28,7/4,11400
Public Engagement,Julia,Facebook Post Views,Our Facebook is relevant and useful.,Facebook,"10,000","18,000",Week 9,7/5,7/11,7400
Public Engagement,Julia,Facebook Post Views,Our Facebook is relevant and useful.,Facebook,"10,000","18,000",Week 10,7/12,7/18,6500
Public Engagement,Julia,Facebook Post Views,Our Facebook is relevant and useful.,Facebook,"10,000","18,000",Week 11,7/19,7/25,36900
Public Engagement,Julia,Facebook Post Views,Our Facebook is relevant and useful.,Facebook,"10,000","18,000",Week 12,7/26,8/1,15900
Public Engagement,Julia,Facebook Post Views,Our Facebook is relevant and useful.,Facebook,"10,000","18,000",Week 13,8/2,8/8,16700
Public Engagement,Julia,Facebook Post Views,Our Facebook is relevant and useful.,Facebook,"10,000","18,000",Week 14,8/9,8/15,18800
Public Engagement,Julia,Facebook Post Views,Our Facebook is relevant and useful.,Facebook,"10,000","18,000",Week 15,8/16,8/22,16900
Public Engagement,Julia,Facebook Post Views,Our Facebook is relevant and useful.,Facebook,"10,000","18,000",Week 16,8/23,8/29,23900
Public Engagement,Julia,Email Subscribers,Our email list is healthy and growing.,MailChimp,"6,000","6,250",Week 1,5/10,5/16,5985
Public Engagement,Julia,Email Subscribers,Our email list is healthy and growing.,MailChimp,"6,000","6,250",Week 2,5/17,5/23,5988
Public Engagement,Julia,Email Subscribers,Our email list is healthy and growing.,MailChimp,"6,000","6,250",Week 3,5/24,5/30,6045
Public Engagement,Julia,Email Subscribers,Our email list is healthy and growing.,MailChimp,"6,000","6,250",Week 4,5/31,6/6,6049
Public Engagement,Julia,Email Subscribers,Our email list is healthy and growing.,MailChimp,"6,000","6,250",Week 5,6/7,6/13,6075
Public Engagement,Julia,Email Subscribers,Our email list is healthy and growing.,MailChimp,"6,000","6,250",Week 6,6/14,6/20,6075
Public Engagement,Julia,Email Subscribers,Our email list is healthy and growing.,MailChimp,"6,000","6,250",Week 7,6/21,6/27,6078
Public Engagement,Julia,Email Subscribers,Our email list is healthy and growing.,MailChimp,"6,000","6,250",Week 8,6/28,7/4,6147
Public Engagement,Julia,Email Subscribers,Our email list is healthy and growing.,MailChimp,"6,000","6,250",Week 9,7/5,7/11,6150
Public Engagement,Julia,Email Subscribers,Our email list is healthy and growing.,MailChimp,"6,000","6,250",Week 10,7/12,7/18,6167
Public Engagement,Julia,Email Subscribers,Our email list is healthy and growing.,MailChimp,"6,000","6,250",Week 11,7/19,7/25,6190
Public Engagement,Julia,Email Subscribers,Our email list is healthy and growing.,MailChimp,"6,000","6,250",Week 12,7/26,8/1,6235
Public Engagement,Julia,Email Subscribers,Our email list is healthy and growing.,MailChimp,"6,000","6,250",Week 13,8/2,8/8,6229
Public Engagement,Julia,Email Subscribers,Our email list is healthy and growing.,MailChimp,"6,000","6,250",Week 14,8/9,8/15,6238
Public Engagement,Julia,Email Subscribers,Our email list is healthy and growing.,MailChimp,"6,000","6,250",Week 15,8/16,8/22,6241
Public Engagement,Julia,Email Subscribers,Our email list is healthy and growing.,MailChimp,"6,000","6,250",Week 16,8/23,8/29,6295
Public Engagement,Julia,Email open rate (excluding donor),Our emails have content people engage with.,MailChimp,40%,50%,Week 1,5/10,5/16,-
Public Engagement,Julia,Email open rate (excluding donor),Our emails have content people engage with.,MailChimp,40%,50%,Week 2,5/17,5/23,-
Public Engagement,Julia,Email open rate (excluding donor),Our emails have content people engage with.,MailChimp,40%,50%,Week 3,5/24,5/30,-
Public Engagement,Julia,Email open rate (excluding donor),Our emails have content people engage with.,MailChimp,40%,50%,Week 4,5/31,6/6,10%
Public Engagement,Julia,Email open rate (excluding donor),Our emails have content people engage with.,MailChimp,40%,50%,Week 5,6/7,6/13,-
Public Engagement,Julia,Email open rate (excluding donor),Our emails have content people engage with.,MailChimp,40%,50%,Week 6,6/14,6/20,-
Public Engagement,Julia,Email open rate (excluding donor),Our emails have content people engage with.,MailChimp,40%,50%,Week 7,6/21,6/27,-
Public Engagement,Julia,Email open rate (excluding donor),Our emails have content people engage with.,MailChimp,40%,50%,Week 8,6/28,7/4,-
Public Engagement,Julia,Email open rate (excluding donor),Our emails have content people engage with.,MailChimp,40%,50%,Week 9,7/5,7/11,10%
Public Engagement,Julia,Email open rate (excluding donor),Our emails have content people engage with.,MailChimp,40%,50%,Week 10,7/12,7/18,-
Public Engagement,Julia,Email open rate (excluding donor),Our emails have content people engage with.,MailChimp,40%,50%,Week 11,7/19,7/25,-
Public Engagement,Julia,Email open rate (excluding donor),Our emails have content people engage with.,MailChimp,40%,50%,Week 12,7/26,8/1,-
Public Engagement,Julia,Email open rate (excluding donor),Our emails have content people engage with.,MailChimp,40%,50%,Week 13,8/2,8/8,23%
Public Engagement,Julia,Email open rate (excluding donor),Our emails have content people engage with.,MailChimp,40%,50%,Week 14,8/9,8/15,-
Public Engagement,Julia,Email open rate (excluding donor),Our emails have content people engage with.,MailChimp,40%,50%,Week 15,8/16,8/22,-
Public Engagement,Julia,Email open rate (excluding donor),Our emails have content people engage with.,MailChimp,40%,50%,Week 16,8/23,8/29,-
